split,model,val_mean_rel_err_%,MAE,mean_rel_err_%,max_rel_err_%,R2,fit_s,predict_us_per_sample
interp,Linear,2.75101002534696,0.09196246124287809,2.611130141416791,6.81817384637857,0.9236502239983935,0.00867759995162487,5.417334226270516
interp,Poly3+Ridge,0.057362514221094674,0.0022079797816962187,0.06378936574223577,0.215370602465669,0.9999560064827827,0.004961299942806363,6.048001038531463
interp,GradBoost,0.05532267430209,0.0020989634768056723,0.058019902439760025,0.2696927126240078,0.9999433743168451,0.2864719000644982,10.2186668664217
interp,GP (ARD),0.011656117189447661,0.0005284173988872265,0.01479487505829025,0.18193643719302413,0.9999946373890054,8.973597700009122,20.326666223506134
interp,MLP,0.04479255578092573,0.0016870035103250054,0.04773861106434513,0.32663926628470547,0.999964129220175,0.5641983000095934,6.364666235943635
extrap,Linear,,0.40991279666778224,9.804698146957929,12.545248920914942,-17.301677539273793,0.0014639999717473984,2.7684675244329213
extrap,Poly3+Ridge,,0.02784547198270195,0.6635455996968951,1.1673237028432282,0.9087506531952061,0.0019747999031096697,4.093695499070056
extrap,GradBoost,,0.4303877576299651,10.280331060617057,14.059155363101665,-19.625233477562052,0.26812560018152,5.774774697718319
extrap,GP (ARD),,0.01280184059325429,0.3045087948285022,0.5757370327258857,0.9796348290131403,8.5541751999408,19.446845997024226
extrap,MLP,,0.14614935488671055,3.4790717434308625,6.347417555624521,-1.5829757135807885,0.27625099988654256,7.012613570770702
