split,category,model,mean_rel_l2_%,max_rel_l2_%,mean_abs_pixel_err,mean_peak_err_%,max_peak_err_%,single_sample_us,batched_us_per_sample,speedup_single_vs_fea,speedup_batched_vs_fea
interp,Field Surrogate,POD + GP (20 modes),5.2880193344752,10.369014739990234,0.0224043883476406,19.83157364288966,33.251705169677734,7916.071000508964,839.433999111255,22.103923851937402,208.44548920705492
interp,Field Surrogate,CNN-Deconv NN,8.78009877204895,11.648943901062012,0.0504055567085742,39.56495597839356,51.01105499267578,6587.102999910712,1781.7326666166384,26.56345750235754,98.2056589522183
extrap,Field Surrogate,POD + GP (20 modes),28.16757550969854,30.855697631835938,0.2363526605002515,66.22999761770437,68.64482879638672,17323.555999901146,1138.1981978276829,10.100479982445783,153.73089760266035
extrap,Field Surrogate,CNN-Deconv NN,33.86360654745016,40.98839569091797,0.3731654114551372,31.441000912640547,36.48128890991211,6816.287999972701,1686.549550425765,25.670310673856626,103.74805208516274
interp,Scalar Baseline (Kt only),Linear,,,0.091962461242878,2.611130141416791,6.81817384637857,5.417334226270516,5.417334226270516,32299.323485204244,32299.323485204244
interp,Scalar Baseline (Kt only),Poly3+Ridge,,,0.0022079797816962,0.0637893657422357,0.215370602465669,6.048001038531463,6.048001038531463,28931.250091892623,28931.250091892623
interp,Scalar Baseline (Kt only),GradBoost,,,0.0020989634768056,0.05801990243976,0.2696927126240078,10.2186668664217,10.2186668664217,17123.19550965575,17123.19550965575
interp,Scalar Baseline (Kt only),GP (ARD),,,0.0005284173988872,0.0147948750582902,0.1819364371930241,20.32666622350613,20.32666622350613,8608.21094210886,8608.21094210886
interp,Scalar Baseline (Kt only),MLP,,,0.001687003510325,0.0477386110643451,0.3266392662847054,6.364666235943635,6.364666235943635,27491.81561377473,27491.81561377473
extrap,Scalar Baseline (Kt only),Linear,,,0.4099127966677822,9.804698146957929,12.545248920914942,2.7684675244329213,2.7684675244329213,63203.28089729761,63203.28089729761
extrap,Scalar Baseline (Kt only),Poly3+Ridge,,,0.0278454719827019,0.6635455996968951,1.1673237028432282,4.093695499070056,4.093695499070056,42742.8543821905,42742.8543821905
extrap,Scalar Baseline (Kt only),GradBoost,,,0.4303877576299651,10.280331060617057,14.059155363101665,5.774774697718319,5.774774697718319,30300.096499161293,30300.096499161293
extrap,Scalar Baseline (Kt only),GP (ARD),,,0.0128018405932542,0.3045087948285022,0.5757370327258857,19.446845997024223,19.446845997024223,8997.666286273625,8997.666286273625
extrap,Scalar Baseline (Kt only),MLP,,,0.1461493548867105,3.4790717434308625,6.347417555624521,7.012613570770702,7.012613570770702,24951.64304091973,24951.64304091973
